{
  "_comment": "Dictionnaire d'aliases pour les localités. Clé = forme canonique, Valeur = liste d'aliases",

  "abidjan": ["Abidjan", "ABIDJAN", "abidjan", "Abijan", "Abidjane"],
  "yopougon": ["Yopougon", "YOPOUGON", "yopougon", "Youpougon", "Yopougoun"],
  "abobo": ["Abobo", "ABOBO", "abobo", "Abobô"],
  "cocody": ["Cocody", "COCODY", "cocody", "Kokody", "Cokody"],
  "koumassi": ["Koumassi", "KOUMASSI", "koumassi", "Koumasi", "Koumassis"],
  "marcory": ["Marcory", "MARCORY", "marcory", "Markory"],
  "treichville": ["Treichville", "TREICHVILLE", "treichville", "Treishville", "Trechville"],
  "adjame": ["Adjamé", "ADJAME", "adjame", "Adjame", "Adjamè"],
  "plateau": ["Plateau", "PLATEAU", "plateau", "Le Plateau"],
  "port-bouet": ["Port-Bouët", "PORT-BOUET", "port-bouet", "Port Bouet", "Port-Bouet", "Portbouet"],
  "anyama": ["Anyama", "ANYAMA", "anyama", "Aniama"],
  "songon": ["Songon", "SONGON", "songon", "Songone"],

  "bouake": ["Bouaké", "BOUAKE", "bouake", "Bouake", "Bouakè", "Bwake"],
  "yamoussoukro": ["Yamoussoukro", "YAMOUSSOUKRO", "yamoussoukro", "Yamoussokro", "Yamouskro"],
  "korhogo": ["Korhogo", "KORHOGO", "korhogo", "Khorogo", "Korogo"],
  "daloa": ["Daloa", "DALOA", "daloa", "Daloua"],
  "man": ["Man", "MAN", "man", "Mane"],
  "san-pedro": ["San-Pédro", "SAN-PEDRO", "san-pedro", "San Pedro", "San-Pedro", "Sanpedro"],
  "gagnoa": ["Gagnoa", "GAGNOA", "gagnoa", "Gagnoua"],
  "divo": ["Divo", "DIVO", "divo", "Divô"],
  "abengourou": ["Abengourou", "ABENGOUROU", "abengourou", "Abenguru"],
  "agboville": ["Agboville", "AGBOVILLE", "agboville", "Agbovile"],
  "duekoue": ["Duékoué", "DUEKOUE", "duekoue", "Duekoue", "Duekwè"],
  "bondoukou": ["Bondoukou", "BONDOUKOU", "bondoukou", "Boundoukou"],
  "ferkessedougou": ["Ferkessédougou", "FERKESSEDOUGOU", "ferkessedougou", "Ferké", "Ferkessedougou"],
  "odienne": ["Odienné", "ODIENNE", "odienne", "Odienne", "Odiené"],
  "boundiali": ["Boundiali", "BOUNDIALI", "boundiali", "Boundiali"],
  "seguela": ["Séguéla", "SEGUELA", "seguela", "Seguéla", "Seguela"],
  "bingerville": ["Bingerville", "BINGERVILLE", "bingerville", "Bingreville"],
  "grand-bassam": ["Grand-Bassam", "GRAND-BASSAM", "grand-bassam", "Grand Bassam", "Grandbassam"],
  "dabou": ["Dabou", "DABOU", "dabou", "Dabô"],
  "jacqueville": ["Jacqueville", "JACQUEVILLE", "jacqueville", "Jakeville"],
  "tiassale": ["Tiassalé", "TIASSALE", "tiassale", "Tiassale", "Tiasalé"],
  "adzope": ["Adzopé", "ADZOPE", "adzope", "Adzope", "Azopé"],
  "beoumi": ["Béoumi", "BEOUMI", "beoumi", "Beoumi"],
  "bouafle": ["Bouaflé", "BOUAFLE", "bouafle", "Bouafle"],
  "issia": ["Issia", "ISSIA", "issia", "Isia"],
  "soubre": ["Soubré", "SOUBRE", "soubre", "Soubre"],
  "sassandra": ["Sassandra", "SASSANDRA", "sassandra"],
  "tabou": ["Tabou", "TABOU", "tabou"],
  "guiglo": ["Guiglo", "GUIGLO", "guiglo", "Guiglô"],
  "touba": ["Touba", "TOUBA", "touba"],
  "mankono": ["Mankono", "MANKONO", "mankono"],
  "katiola": ["Katiola", "KATIOLA", "katiola"],
  "dabakala": ["Dabakala", "DABAKALA", "dabakala"],
  "tanda": ["Tanda", "TANDA", "tanda"],
  "agnibilekrou": ["Agnibilékrou", "AGNIBILEKROU", "agnibilekrou", "Agnibilekrou"],
  "bouna": ["Bouna", "BOUNA", "bouna"],
  "nassian": ["Nassian", "NASSIAN", "nassian"],
  "tiapoum": ["Tiapoum", "TIAPOUM", "tiapoum", "Tiapum", "Tyapoum", "Tiapoume"],
  "azaguie": ["Azaguié", "AZAGUIE", "azaguie", "Azaguie"]
}
